time [unix s],run ids [],trigger rate [Hz],run duration [s],data duration [s]
1720805701.022,50000.0,4.99,1210.630187511444,1200.2109143733978
1720807524.722,50001.0,2.83,1211.2655544281006,1200.8972027301788
1720809264.85,50002.0,2.82,1210.8078422546387,1200.3731760978699
1720810653.729,50003.0,2.5,1210.8490324020386,1200.458876132965
1720816403.842,50004.0,2.52,1811.3927593231201,1800.6149945259094
1720824537.838,50005.0,1.77,7210.665286064148,7198.894264698029
1720864320.879,50006.0,1.56,910.3849945068359,898.1350467205048
1720866240.693,50007.0,1.89,910.8314173221588,900.1443464756012
1720867660.693,50008.0,1.76,910.9410440921783,900.695627450943
1720868678.716,50009.0,1.49,910.4900720119476,899.065432548523
1720870204.943,50010.0,1.69,910.9423758983612,900.5645694732666
1720871572.092,50011.0,2.5,911.4428803920746,900.7448201179504
1720875162.673,50012.0,3.36,1210.6446437835693,1200.1853182315826
1720877448.088,50013.0,2.24,1810.738697528839,1798.7134892940521
1720879869.775,50014.0,1.98,1210.7691910266876,1200.3062851428986
1720881651.983,50015.0,1.77,1211.2163338661194,1200.7644267082214
1720883350.776,50016.0,1.82,1211.1826975345612,1201.0316288471222
1720892280.841,50017.0,1.72,7210.897725105286,7200.198874235153
1720907367.101,240000.0,1.77,7211.177293777466,7199.213252067566
1720914578.758,240001.0,4.19,7211.179050445557,7199.758502960205
1720921789.718,240002.0,1.61,7210.248392820358,7199.759876012802
1720929001.061,240003.0,1.57,7210.651146411896,7200.522435426712
1720936212.798,240004.0,1.67,7211.1375205516815,7201.116961717606
1720943423.694,240005.0,1.7,7210.244991064072,7199.708435058594
1720952394.81,240006.0,1.55,8970.676086902618,7198.879414319992
1720959606.027,240007.0,1.73,7210.630489587784,7200.594535827637
1720966817.819,240008.0,1.99,7211.207916259766,7200.847572565079
1720974029.086,240009.0,1.96,7210.706250905991,7200.54611492157
1720981240.852,240010.0,2.04,7211.215753078461,7200.479961872101
1720988452.04,240011.0,1.51,7210.6352961063385,7198.603555202484
1720995663.13,240012.0,1.8,7210.553884983063,7199.2507565021515
1721002873.72,240013.0,1.85,7210.046140909195,7199.989932060242
1721010085.008,240014.0,1.68,7210.616121768951,7199.958690643311
1721017296.13,240015.0,1.79,7210.535786867142,7200.020179033279
1721024507.926,240016.0,1.56,7211.294766426086,7200.98183631897
1721031719.078,240017.0,1.7,7210.7281148433685,7199.011598825455
1721038930.848,240018.0,1.56,7211.258741140366,7198.877546072006
1721047902.832,240019.0,1.83,8971.349166154861,7200.21941447258
1721055114.049,240020.0,1.85,7210.662716388702,7200.074306964874
1721062325.823,240021.0,1.56,7211.222542047501,7200.771798849106
1721069537.085,240022.0,1.54,7210.705807209015,7200.373091220856
1721076748.84,240023.0,1.76,7211.214317560196,7201.08593583107
1721083959.645,240024.0,1.91,7210.223228693008,7198.666052818298
1721091170.825,240025.0,1.87,7210.732705593109,7199.503743171692
1721098382.118,240026.0,1.84,7210.670788049698,7200.272163391113
1721105593.753,240027.0,1.65,7211.148444652557,7200.809762239456
1721112804.81,240028.0,1.9,7210.723838806152,7200.290121555328
1721120016.057,240029.0,1.82,7210.634745121002,7199.685050487518
1721121107.874,240030.0,1.77,1091.2305779457092,1080.910148382187
1721128319.04,240031.0,1.7,7210.808037519455,7197.346511125565
1721140071.847,240032.0,2.58,9017.758069992065,7200.255270719528
1721147283.121,240033.0,1.66,7210.689979314804,7198.7385149002075
1721148979.558,240034.0,1.59,1695.927704334259,1683.041885137558
1721156214.715,240035.0,1.53,7210.320467710495,7199.29465842247
1721163425.889,240036.0,1.65,7210.644985198975,7200.559443950653
1721170636.637,240037.0,1.67,7210.30428981781,7199.197930812836
1721177847.735,240038.0,1.58,7210.579646348953,7199.0973908901215
1721185058.702,240039.0,1.78,7210.587777853012,7200.601003170013
1721192269.795,240040.0,1.5,7210.672468662262,7200.482736110687
1721199481.072,240041.0,1.51,7210.698298692703,7199.410083293915
1721205766.984,240042.0,1.89,6285.361753940582,5308.350686311722
1721214858.802,240043.0,1.57,7211.19041967392,7199.257481575012
1721222069.735,240044.0,1.75,7210.2922649383545,7200.10832285881
1721224675.077,240045.0,1.65,2604.966606616974,780.9102101325989
1721246030.958,240046.0,1.47,7211.195374011993,7200.320986747742
1721253242.046,240047.0,1.65,7210.657547235489,7200.258207082748
1721260453.799,240048.0,1.54,7211.1347324848175,7200.968379020691
1721267665.114,240049.0,1.56,7210.703587055206,7199.093478918076
1721274876.857,240050.0,1.6,7211.24596452713,7200.787859201431
1721282088.008,240051.0,1.58,7210.674983739853,7199.472779989243
1721289299.858,240052.0,1.65,7211.211000919342,7200.54937171936
1721290468.841,240053.0,1.58,1168.4533195495605,1157.7929859161377
1721306056.789,500000.0,4.15,71.23942470550537,60.48740005493164
1721306831.803,500001.0,1.16,70.6301622390747,60.271557569503784
1721307639.669,500002.0,1.26,310.9544394016266,299.97708654403687
1721308077.085,500003.0,3.51,70.68309807777405,60.481104135513306
1721308635.886,500004.0,1.23,71.20247769355774,60.40483641624451
1721309017.071,500005.0,2.0,71.26750755310059,61.0003936290741
1721309397.874,500006.0,2.13,71.21755862236023,60.42582583427429
1721309813.948,500007.0,1.15,70.63382172584534,60.00313115119934
1721310344.912,500008.0,0.29,70.6442358493805,57.66404891014099
1721310524.739,500009.0,0.34,71.04616975784302,59.65994334220886
1721310785.037,500010.0,1.21,71.19047403335571,60.506465911865234
1721311183.681,500011.0,1.46,70.57635760307312,60.12671184539795
1721311344.696,500012.0,2.68,71.21464109420776,60.93191337585449
1721311526.655,500013.0,2.73,70.19670510292053,59.970285177230835
1721311943.044,500014.0,2.57,70.6211953163147,60.25928449630737
1721312097.751,500015.0,5.65,71.03592324256897,59.99914336204529
1721315117.07,500016.0,2.45,2410.750605583191,2400.2749197483063
1721315278.962,500017.0,2.37,70.59889364242554,59.99984073638916
1721315617.077,500018.0,2.58,70.65667057037354,60.42923402786255
1721315905.909,500019.0,2.39,70.61751627922058,60.128846168518066
1721316488.0,500020.0,2.57,70.55035161972046,60.42437553405762
1721317188.63,500021.0,2.32,310.41810059547424,300.1882119178772
1721317779.631,500022.0,2.08,310.39846658706665,300.0719873905182
1721318830.317,500023.0,17.44,281.75458669662476,259.3647677898407
1721320534.846,500024.0,1.79,1642.8743314743042,1632.4637014865875
1721321162.903,500025.0,2.48,623.724513053894,613.5845973491669
1721322045.586,500026.0,4.35,841.2243857383728,820.1875212192535
1721344660.926,500027.0,0.37,91.76862859725952,70.0625307559967
1721352093.831,240054.0,1.54,7210.6476266384125,7199.2219960689545
1721359304.962,240055.0,1.75,7210.559924840927,7200.143783330917
1721366515.689,240056.0,1.55,7210.231351852417,7199.483011484146
1721373726.806,240057.0,1.65,7210.7041137218475,7200.584169387817
1721382747.935,240058.0,1.66,9020.537500619888,7200.2551436424255
1721389958.703,240059.0,1.62,7210.248215198517,7199.578104734421
1721397169.991,240060.0,1.73,7210.808640241623,7200.342710733414
1721404380.924,240061.0,1.75,7210.587526798248,7200.412875890732
1721411592.101,240062.0,1.58,7210.660495519638,7200.206200361252
1721418803.807,240063.0,1.53,7211.221910238266,7201.004194259644
1721426015.77,240064.0,1.58,7211.171075105667,7198.563267469406
1721433226.9,240065.0,1.54,7210.466190338135,7198.812304735184
1721440438.002,240066.0,1.7,7210.5669548511505,7199.771355390549
1721447648.658,240067.0,1.62,7209.982817411423,7200.027953147888
1721454859.732,240068.0,1.46,7210.5106744766235,7200.375417947769
1721462071.034,240069.0,1.68,7210.93336558342,7200.863883495331
1721469281.645,240070.0,1.68,7210.041774988174,7199.988710165024
1721478297.807,240071.0,1.5,9015.62787270546,7200.218465089798
1721485508.741,240072.0,1.58,7210.360469818115,7199.1636571884155
1721492719.643,240073.0,1.65,7210.5490782260895,7199.501506567001
1721499930.995,240074.0,1.43,7210.854555606842,7200.092641830444
1721507141.76,240075.0,2.01,7210.127016067505,7200.08681845665
1721514352.975,240076.0,10.9,7210.874940156937,7200.477148294449
1721521563.806,240077.0,8.34,7210.462395191193,7200.484848022461
1721528774.683,240078.0,1.73,7210.2536907196045,7198.9197998046875
1721535985.793,240079.0,1.48,7210.644997835159,7200.513831138611
1721543197.042,240080.0,1.46,7210.655240535736,7200.030789375305
1721550408.809,240081.0,1.6,7211.146194696426,7200.429806470871
1721557620.016,240082.0,1.63,7210.587574481964,7199.390345811844
1721564830.675,240083.0,1.7,7210.070554733276,7199.685737609863
1721573850.977,240084.0,1.79,9019.845528125763,7199.020295619965
1721581061.982,240085.0,2.65,7210.623614549637,7200.465192317963
1721588273.03,240086.0,1.58,7210.69220161438,7198.778789520264
1721595484.137,240087.0,1.59,7210.513191461563,7198.068781375885
1721602694.973,240088.0,1.54,7210.394527196884,7198.726948022842
1721609905.897,240089.0,1.56,7210.565361738205,7200.10538983345
1721617116.987,240090.0,1.67,7210.562447071075,7200.373112916946
1721624327.963,240091.0,1.71,7210.622809886932,7199.280056476593
1721631538.675,240092.0,1.93,7210.18780708313,7199.764116287231
1721638749.803,240093.0,2.06,7210.661815404892,7200.51282954216
1721645961.082,240094.0,3.15,7210.681983232498,7199.674798965454
1721653172.84,240095.0,2.3,7211.200883150101,7200.067619085312
1721660383.694,240096.0,2.35,7210.315142393112,7199.510919570923
1721664646.268,240097.0,1.56,4262.088157653809,2436.9886133670807
1721676391.713,240098.0,1.51,7210.81289100647,7200.557427883148
1721683602.639,240099.0,1.62,7210.50701379776,7200.034246444702
1721690814.035,240100.0,1.65,7210.959357500076,7199.405476808548
1721698024.65,240101.0,1.66,7210.004320144653,7198.977036714554
1721705235.841,240102.0,1.52,7210.72438621521,7200.216024875641
1721712446.946,240103.0,1.46,7210.56654381752,7198.16019487381
1721719658.062,240104.0,1.42,7210.666340827942,7199.531214237213
1721726869.822,240105.0,1.66,7211.1196920871735,7200.95130944252
1721734080.937,240106.0,1.58,7210.547564744949,7199.748163461685
1721741291.934,240107.0,1.53,7210.5861802101135,7200.488654613495
1721748502.635,240108.0,1.96,7210.182498455048,7200.047870874405
1721755713.955,240109.0,1.47,7210.7257487773895,7200.395839214325
1721764721.689,240110.0,1.7,9007.301218748093,7200.197365999222
1721771934.062,240111.0,1.57,7211.878397703171,7200.214100122452
1721779146.046,240112.0,1.54,7211.270970821381,7200.014372348785
1721786356.793,240113.0,1.52,7210.072771072388,7200.00869178772
1721793567.908,240114.0,1.5,7210.324482679367,7199.814847230911
1721800778.776,240115.0,1.56,7210.298749446869,7200.314206600189
1721807989.931,240116.0,1.86,7210.4377727508545,7199.6765859127045
1721815201.012,240117.0,1.49,7210.366164445877,7199.168561458588
1721822411.66,240118.0,2.06,7209.94038939476,7199.5695633888245
1721829623.08,240119.0,1.74,7210.892438173294,7200.171797990799
1721836834.002,240120.0,1.63,7210.320833444595,7199.767375469208
1721844045.743,240121.0,1.88,7210.870567083359,7200.944384813309
1721851256.871,240122.0,1.63,7210.624058246613,7199.10329246521
1721860229.808,240123.0,1.69,8972.26214838028,7196.76372385025
1721867441.014,240124.0,1.54,7210.607746362686,7200.20410823822
1721874651.905,240125.0,1.51,7210.271866083145,7200.080048084259
1721881862.898,240126.0,1.43,7210.480110406876,7200.125498056412
1721889074.668,240127.0,1.43,7211.091918706894,7200.3363382816315
1721896285.674,240128.0,1.54,7210.300159931183,7199.778068065643
1721903496.997,240129.0,1.8,7210.592010498047,7200.621407747269
1721910708.705,240130.0,1.8,7210.953188896179,7200.129404306412
1721917921.136,240131.0,1.87,7211.817184925079,7199.708300113678
1721925132.684,240132.0,2.15,7210.919320344925,7200.870522022247
1721932344.67,240133.0,1.66,7211.202681541443,7200.824513673782
1721939555.704,240134.0,1.6,7210.497660398483,7200.3963668346405
1721946765.647,240135.0,1.63,7209.4996218681335,7200.232309103012
1721955717.97,240136.0,1.53,8951.83128452301,7199.776426792145
1721962928.869,240137.0,1.56,7210.445078372955,7200.571752548218
1721970139.76,240138.0,1.62,7210.424040317535,7199.936724662781
1721977350.91,240139.0,1.71,7210.835080385208,7201.144695043564
1721984561.938,240140.0,1.67,7210.456966876984,7200.070958852768
1721991772.869,240141.0,2.11,7210.2971568107605,7200.773291110992
1721998983.836,240142.0,1.84,7210.433310747147,7200.145757436752
1722006194.722,240143.0,2.25,7210.326915979385,7200.317809104919
1722007370.478,240144.0,1.71,1175.3751270771027,1163.7621698379517
1722015932.709,240145.0,2.33,7217.126027107239,2573.3486988544464
1722170913.998,240146.0,2.17,7210.469812631607,7200.606722354889
1722178124.948,240147.0,3.14,7210.294183731079,7200.52308511734
1722185386.882,240148.0,3.33,7261.538072109222,7200.399216175079
1722196135.834,240149.0,2.12,8907.416253566742,7200.231882572174
1722203363.434,240150.0,3.71,7227.043450593948,7200.917968988419
1722210573.752,240151.0,4.39,7209.81542634964,7199.954063177109
1722217838.705,240152.0,1.59,7264.623207092285,7200.706454992294
1722225050.083,240153.0,1.69,7210.937839269638,7200.649736166
1722232261.019,240154.0,1.61,7210.461367845535,7200.412119626999
1722239472.009,240155.0,1.63,7210.399034976959,7196.863525867462
1722246734.053,240156.0,1.59,7261.408493280411,7200.473114728928
1722253944.739,240157.0,1.89,7210.157942533493,7200.412465333939
1722261157.046,240158.0,2.71,7211.834112644196,7201.244873523712
1722268389.886,240159.0,7.65,7232.234345197678,7201.066761732101
1722275664.015,240160.0,3.11,7273.541970491409,7200.40284538269
1722282874.774,240161.0,1.89,7210.142931461334,7200.175058841705
1722291783.892,240162.0,1.59,8908.514355182648,7200.794550657272
1722298994.783,240163.0,1.77,7210.387750864029,7200.023262500763
1722306259.073,240164.0,1.63,7263.66077709198,7200.449783325195
1722313469.744,240165.0,1.69,7209.943594455719,7197.081613779068
1722320680.805,240166.0,1.56,7210.724465370178,7200.4860227108
1722327891.867,240167.0,1.69,7210.480982303619,7199.992554187775
1722335160.114,240168.0,1.62,7267.672360897064,7200.524608612061
1722342371.116,240169.0,1.89,7210.489510774612,7200.519230604172
1722349581.739,240170.0,1.81,7210.020958900452,7199.865661144257
1722356792.995,240171.0,2.03,7210.546480178833,7200.641163349152
1722364053.954,240172.0,1.77,7260.620475053787,7200.706636667252
1722371264.804,240173.0,1.81,7210.4760546684265,7200.438363075256
1722378476.136,240174.0,5.29,7210.784739732742,7200.953258037567
1722387386.055,240175.0,5.51,8909.158712387085,7200.698846578598
1722394652.001,240176.0,1.68,7265.270874738693,7199.442638397217
1722401862.828,240177.0,1.56,7210.220682859421,7199.878597021103
1722409073.785,240178.0,1.72,7210.417879343033,7200.101883172989
1722416284.896,240179.0,1.76,7210.521786212921,7200.2190754413605
1722423546.97,240180.0,1.76,7261.621472597122,7201.156489849091
1722430757.774,240181.0,1.78,7210.451550722122,7200.514734506607
1722437968.983,240182.0,1.86,7210.646244287491,7200.705202102661
1722445179.63,240183.0,1.7,7210.286437034607,7200.702404022217
1722452443.635,240184.0,2.93,7263.556566953659,7195.960851430893
1722459655.048,240185.0,3.47,7210.970016717911,7197.875594139099
1722466865.797,240186.0,1.82,7210.067395210266,7200.167713403702
1722474076.728,240187.0,1.81,7210.359055280685,7199.767097234726
1722483032.836,240188.0,1.7,8955.677886247635,7200.250195741653
1722490243.865,240189.0,1.57,7210.448693752289,7200.515007257462
1722497454.92,240190.0,1.73,7210.32115316391,7200.652350187302
1722504666.706,240191.0,1.76,7211.144563436508,7200.246658086777
1722511930.973,240192.0,1.77,7263.92476606369,7200.516606330872
1722519141.798,240193.0,1.73,7210.452775001526,7200.065646409988
1722526353.071,240194.0,1.92,7210.580214977264,7200.281285762787
1722533565.025,240195.0,1.58,7211.332119464874,7200.466952323914
1722540831.819,240196.0,1.71,7266.044315099716,7200.711805105209
1722548043.06,240197.0,1.65,7210.5854325294495,7200.2984528541565
1722555254.112,240198.0,1.79,7210.554310083389,7199.900322437286
1722562466.043,240199.0,1.63,7211.387236118317,7200.931527376175
1722569730.816,240200.0,1.49,7264.261343002319,7200.619092226028
1722578638.068,240201.0,1.61,8906.643195152283,7201.017753601074
1722585848.912,240202.0,1.76,7210.304267406464,7200.631323337555
1722593059.755,240203.0,1.73,7210.434385538101,7199.979919672012
1722600324.773,240204.0,1.7,7264.313133478165,7199.971569776535
1722607535.978,240205.0,1.87,7210.664489984512,7200.2164914608
1722614747.012,240206.0,1.78,7210.691394805908,7200.7401394844055
1722621957.8,240207.0,1.7,7210.506759405136,7200.7509644031525
1722629221.903,240208.0,1.69,7263.516335487366,7200.132209300995
1722636433.11,240209.0,2.84,7210.6100652217865,7200.808951854706
1722643643.804,240210.0,3.09,7210.184987545013,7198.0245950222015
1722650855.047,240211.0,1.63,7210.6116309165955,7200.548318386078
1722658120.96,240212.0,1.62,7265.326812744141,7200.548207521439
1722665331.648,240213.0,1.83,7210.306452035904,7200.62908911705
1722674231.749,240214.0,1.83,8899.602724790573,7200.521816968918
1722681443.019,240215.0,1.64,7210.936403989792,7201.2519817352295
1722688704.818,240216.0,1.79,7261.235891819,7200.845802783966
1722695916.052,240217.0,1.82,7210.662192821503,7200.391921281815
1722703126.697,240218.0,1.86,7210.083037376404,7200.071842432022
1722710338.116,240219.0,1.6,7211.0437960624695,7200.651477575302
1722717604.741,240220.0,1.51,7266.125401496887,7199.84943985939
1722724815.979,240221.0,1.7,7210.88846039772,7200.225808143616
1722732026.856,240222.0,1.7,7210.4527707099915,7198.387309551239
1722739237.71,240223.0,1.52,7210.361302852631,7200.067301750183
1722746500.963,240224.0,1.5,7262.839821577072,7200.185657501221
1722753711.642,240225.0,1.58,7209.930154085159,7200.199244976044
1722760922.848,240226.0,1.55,7210.6802661418915,7200.441339492798
1722769827.991,240227.0,1.6,8904.618158817291,7200.4338555336
1722777093.73,240228.0,1.68,7265.394193887711,7199.308149576187
1722784305.076,240229.0,1.72,7210.911086559296,7200.722771644592
1722791516.99,240230.0,1.75,7211.43418097496,7200.553918123245
1722798727.844,240231.0,1.58,7210.522435426712,7200.098910331726
1722805989.857,240232.0,1.53,7261.484856843948,7199.8995888233185
1722813200.781,240233.0,1.69,7210.473168849945,7200.52973484993
1722820412.003,240234.0,1.68,7210.691887378693,7200.717924833298
1722827623.923,240235.0,1.49,7211.588859081268,7201.007106781006
1722834890.106,240236.0,1.49,7265.65654706955,7200.074207305908
1722842100.903,240237.0,1.67,7210.292094230652,7200.579007863998
1722849312.924,240238.0,1.81,7211.495784282684,7200.244076490402
1722856524.033,240239.0,1.66,7210.665597200394,7200.238009691238
1722865483.753,240240.0,2.32,8959.182866811752,7199.726578235626
1722872694.841,240241.0,2.82,7210.646767139435,7200.545784473419
1722879906.839,240242.0,1.64,7211.422874212265,7200.973888397217
1722887118.089,240243.0,1.65,7210.7015607357025,7200.716794252396
1722894380.802,240244.0,1.79,7262.1660141944885,7200.148885250092
1722901591.845,240245.0,1.58,7210.44349861145,7199.87273812294
1722908802.935,240246.0,1.65,7210.567851066589,7200.593465089798
1722916013.966,240247.0,1.65,7210.6543571949005,7200.34535741806
1722923280.875,240248.0,1.58,7266.50110578537,7200.348268985748
1722930491.966,240249.0,1.75,7210.433291196823,7200.085734128952
1722931102.958,240250.0,1.48,610.6307172775269,600.3544590473175
1722938314.03,240251.0,1.8,7210.718218564987,7200.032288551331
1722945579.074,240252.0,1.76,7264.499396800995,7199.901803970337
1722954488.77,240253.0,1.91,8909.158381223679,7199.898427248001
1722961699.651,240254.0,1.95,7210.123645544052,7200.016716480255
1722968910.926,240255.0,1.63,7210.852317810059,7200.404877901077
1722976176.059,240256.0,1.82,7264.670348167419,7200.449928045273
1722983387.103,240257.0,1.86,7210.382995605469,7199.347096443176
1722990597.842,240258.0,1.64,7210.213441133499,7200.37496972084
1722997808.999,240259.0,1.64,7210.671827554703,7200.532710313797
1723005074.657,240260.0,1.71,7265.3147575855255,7200.40768456459
1723012285.734,240261.0,1.87,7210.614817619324,7200.448692321777
1723019497.813,240262.0,1.76,7211.378896474838,7200.190761566162
1723026709.081,240263.0,1.83,7210.715567350388,7200.286499977112
1723033974.002,240264.0,1.89,7264.3249344825745,7200.040773630142
1723041184.755,240265.0,2.7,7210.115520238876,7198.646551370621
1723050094.988,240266.0,1.97,8909.542221546173,7200.711521148682
1723057306.121,240267.0,2.07,7210.7831609249115,7200.236669540405
1723064570.721,240268.0,2.15,7263.9957637786865,7199.775732755661
1723071781.912,240269.0,1.74,7210.763952732086,7199.965857028961
1723078992.664,240270.0,1.92,7210.267832040787,7200.439582109451
1723086203.933,240271.0,1.71,7210.765950918198,7200.233594894409
1723093470.642,240272.0,1.62,7266.259365081787,7200.153306007385
1723100681.97,240273.0,1.88,7210.822334527969,7200.816495895386
1723107893.664,240274.0,1.77,7210.728748559952,7199.921608686447
1723115105.003,240275.0,2.1,7210.8872990608215,7200.108785390854
1723122371.931,240276.0,2.88,7266.311358213425,7200.623827695847
1723129582.964,240277.0,3.03,7210.643634319305,7200.76043844223
1723136793.65,240278.0,2.02,7210.275317907333,7199.702768564224
1723145702.777,240279.0,2.1,8908.685225248337,7200.634621143341
1723152966.669,240280.0,1.8,7263.336081981659,7199.962780714035
1723153259.806,240281.0,2.1,292.65417289733887,282.7714171409607
1723153871.044,240282.0,2.51,610.896080493927,600.9739415645599
1723154481.922,240283.0,1.42,610.2791593074799,599.9857115745544
1723161744.935,240284.0,1.85,7262.605640172958,7199.952538967133
1723168955.698,240285.0,1.64,7210.362016201019,7200.005215406418
1723176166.739,240286.0,1.64,7210.534298658371,7200.680185317993
1723183377.752,240287.0,1.59,7210.562088727951,7198.9800527095795
1723190642.022,240288.0,1.92,7263.640422821045,7200.269096374512
1723197852.718,240289.0,2.03,7210.11749124527,7200.4270169734955
1723205063.686,240290.0,2.16,7210.321616649628,7200.064341068268
1723212274.809,240291.0,1.85,7210.603358268738,7199.840000629425
1723221239.816,240292.0,2.47,8964.504952430725,7199.831405639648
1723228451.103,240293.0,1.59,7210.671852350235,7200.807725429535
1723235661.929,240294.0,1.66,7210.285324811935,7199.214000225067
1723242872.681,240295.0,1.89,7210.270541906357,7199.940845012665
1723250137.675,240296.0,1.82,7264.466828584671,7198.4448392391205
1723257349.12,240297.0,1.8,7210.907753229141,7199.881597042084
1723264559.878,240298.0,1.79,7210.234847307205,7200.348051071167
1723271778.066,240299.0,1.66,7217.708441019058,4087.604256629944
1723326374.003,240300.0,1.75,7261.952037096024,7200.099015951157
1723333584.89,240301.0,1.96,7210.251982927322,7200.0307857990265
1723340796.127,240302.0,1.74,7210.723948478699,7200.7586896419525
1723348006.731,240303.0,1.66,7210.10560631752,7200.026902675629
1723355268.67,240304.0,1.72,7261.576815843582,7200.810711145401
1723364181.84,240305.0,1.72,8912.586298942566,7200.479211807251
1723371393.131,240306.0,1.76,7210.743008613586,7200.91474032402
1723378604.733,240307.0,1.92,7211.052462816238,7200.207637786865
1723385865.672,240308.0,2.12,7260.507864952087,7198.905826330185
1723393076.992,240309.0,1.91,7210.85937666893,7200.9976172447205
1723400288.767,240310.0,1.68,7211.106518983841,7200.786161661148
1723407500.008,240311.0,1.64,7210.602319955826,7199.729206800461
1723414763.643,240312.0,1.91,7263.324613571167,7198.742916107178
1723421975.136,240313.0,1.83,7210.952278375626,7199.715544223785
1723429187.053,240314.0,1.71,7211.2796947956085,7200.472932100296
1723436397.828,240315.0,1.76,7210.204835653305,7198.665650367737
1723443662.038,240316.0,1.69,7263.593367815018,7200.387058496475
1723450872.998,240317.0,1.85,7210.246443271637,7200.477002859116
1723459784.709,240318.0,2.0,8911.344564914703,7199.89439535141
1723466995.68,240319.0,2.13,7210.529187440872,7199.968353509903
1723474261.086,240320.0,1.95,7264.86470079422,7200.139649391174
1723481471.824,240321.0,1.87,7210.203389883041,7199.9756026268005
1723488682.99,240322.0,1.76,7210.626946687698,7200.944643735886
1723495893.706,240323.0,3.68,7210.051038265228,7198.967537879944
1723503160.832,240324.0,1.8,7266.372394323349,7200.608988285065
1723510371.953,240325.0,1.76,7210.52463722229,7200.191816329956
1723517582.936,240326.0,1.65,7210.449253082275,7200.2956211566925
1723524793.664,240327.0,1.62,7210.1985812187195,7198.985177278519
1723532058.978,240328.0,1.63,7264.505065202713,7199.621444940567
1723539270.132,240329.0,1.78,7210.783725500107,7198.708424568176
1723546480.81,240330.0,1.6,7210.073878526688,7200.280484676361
1723555390.985,240331.0,1.81,8909.575805902481,7200.021596670151
1723562658.026,240332.0,1.62,7265.988094329834,7199.509339094162
1723569868.999,240333.0,1.83,7210.404836177826,7199.885798454285
1723577079.852,240334.0,1.55,7210.222613334656,7200.022307872772
1723584291.094,240335.0,1.57,7210.726922750473,7199.910984754562
1723591557.097,240336.0,3.27,7265.471868276596,7200.190732717514
1723598767.936,240337.0,1.89,7210.3040952682495,7200.141586303711
1723605978.648,240338.0,1.68,7210.290538072586,7199.88445687294
1723613189.767,240339.0,1.73,7210.634302616119,7199.688588619232
1723620451.768,240340.0,1.71,7261.411686420441,7199.216649770737
1723627411.663,240341.0,1.78,6959.246045589447,6947.950965166092
1723645276.109,240342.0,1.9,7210.663447141647,7200.721684932709
1723652487.77,240343.0,2.15,7210.962287902832,7201.066700220108
1723657215.946,240344.0,1.64,4727.548304796219,2959.4886989593506
1723664426.632,240345.0,0.53,7210.35741853714,7200.00394487381
1723671637.749,240346.0,1.09,7210.6527535915375,7199.869520664215
1723678849.021,240347.0,1.37,7210.923900127411,7200.615109682083
1723686112.83,240348.0,1.74,7263.3131511211395,7199.261373996735
1723693323.81,240349.0,1.82,7210.454692363739,7200.219858884811
1723700535.111,240350.0,1.75,7210.810600042343,7200.070334911346
1723707745.716,240351.0,1.81,7210.1005210876465,7200.270528078079
1723715007.657,240352.0,1.78,7261.563979148865,7199.701038837433
1723722218.948,240353.0,1.72,7210.815481424332,7200.329648256302
1723729430.02,240354.0,1.95,7210.594660758972,7199.950758457184
1723736641.09,240355.0,2.07,7210.346925497055,7200.324955224991
1723743904.856,240356.0,1.8,7263.300238370895,7200.505304098129
1723752814.756,240357.0,1.77,8909.390905857086,7200.18656039238
1723760025.929,240358.0,1.84,7210.531898021698,7200.475596666336
1723767237.097,240359.0,1.87,7210.677175045013,7199.981260061264
1723774502.96,240360.0,1.74,7265.374037981033,7200.1936366558075
1723781713.996,240361.0,1.74,7210.572417974472,7200.337115049362
1723788925.045,240362.0,1.74,7210.73250579834,7200.675410985947
1723796135.758,240363.0,1.83,7210.144414901733,7200.103042125702
1723803402.846,240364.0,1.66,7266.431531667709,7200.031639099121
1723810614.091,240365.0,1.9,7210.672926902771,7200.591656446457
1723817824.726,240366.0,1.81,7210.084420442581,7200.291168451309
1723825035.87,240367.0,2.0,7210.366971731186,7200.487904071808
1723832299.998,240368.0,1.63,7263.626348257065,7200.727380037308
1723839510.827,240369.0,1.63,7210.410743713379,7198.8092539310455
1723848421.951,240370.0,1.7,8910.49622297287,7199.573448181152
1723855633.116,240371.0,1.96,7210.778946399689,7200.280488014221
1723862899.675,240372.0,1.74,7265.7647116184235,7199.998404979706
1723870110.812,240373.0,1.7,7210.647606611252,7200.815316200256
1723877322.061,240374.0,1.75,7210.668661832809,7200.377003192902
1723884532.913,240375.0,1.81,7210.224363088608,7199.277466058731
1723891794.909,240376.0,1.92,7261.518098831177,7200.722790002823
1723899005.696,240377.0,1.9,7210.226263523102,7200.076228141785
1723906216.888,240378.0,1.91,7210.746096372604,7201.013271570206
1723913427.821,240379.0,1.9,7210.403396844864,7200.543261528015
1723920689.729,240380.0,1.72,7261.250584602356,7200.436102628708
1723927900.869,240381.0,1.74,7210.655956745148,7200.57936501503
1723935112.076,240382.0,1.76,7210.714458227158,7200.535753250122
1723944023.965,240383.0,1.84,8911.254429578781,7200.857836008072
1723951288.796,240384.0,1.93,7264.258524417877,7200.251734972
1723958499.68,240385.0,1.77,7210.269273042679,7200.306326389313
1723965711.034,240386.0,1.9,7210.814756393433,7200.792354345322
1723972921.988,240387.0,1.92,7210.200558900833,7199.956038951874
1723980188.885,240388.0,1.84,7266.232723712921,7199.30540060997
1723987399.916,240389.0,1.93,7210.5276465415955,7199.897434473038
1723994611.052,240390.0,2.03,7210.544330358505,7200.116331100464
1724001821.895,240391.0,1.94,7210.298526287079,7199.474194288254
1724009086.026,240392.0,2.02,7263.6704454422,7200.113219499588
1724016296.876,240393.0,2.08,7210.278726577759,7199.731940031052
1724023511.889,240394.0,2.07,7214.524617910385,3561.1921458244324
1724104869.779,240395.0,1.99,7210.768040418625,7200.097442865372
1724113841.059,240396.0,2.18,8970.551695108414,7200.92773270607
1724121051.759,240397.0,1.75,7210.095707654953,7199.496864080429
1724128262.924,240398.0,1.78,7210.562699317932,7200.222238063812
1724135474.022,240399.0,2.01,7210.664637327194,7200.470568656921
1724142738.043,240400.0,1.99,7263.373183965683,7201.278387069702
1724149948.963,240401.0,1.94,7210.309018373489,7200.152146816254
1724157160.66,240402.0,1.87,7210.638389825821,7200.0817267894745
1724164371.983,240403.0,1.97,7210.8633625507355,7198.997871875763
1724171638.848,240404.0,2.44,7266.3253009319305,7200.076287031174
1724178850.04,240405.0,1.96,7210.653461694717,7199.386516094208
1724186061.097,240406.0,1.94,7210.465817689896,7199.946473836899
1724193271.756,240407.0,1.92,7209.919701337814,7199.4555242061615
1724200537.807,240408.0,2.12,7265.381922721863,7199.9801478385925
1724209451.901,240409.0,2.06,8913.366177558899,7199.437014579773
1724216662.897,240410.0,1.83,7210.541748523712,7200.595458507538
1724223873.795,240411.0,1.8,7210.090459823608,7199.99821972847
1724231137.106,240412.0,1.77,7262.739577293396,7200.814693689346
1724238348.057,240413.0,1.46,7210.381006002426,7200.7560086250305
1724245558.942,240414.0,2.94,7210.3093140125275,7200.214399576187
1724252769.677,240415.0,3.75,7210.304772853851,7200.094658613205
1724260035.99,240416.0,2.66,7265.703312158585,7200.041598558426
1724267246.833,240417.0,2.0,7210.033313989639,7200.088934421539
1724274458.125,240418.0,2.15,7210.6387712955475,7200.622618675232
1724281668.768,240419.0,2.65,7210.087509870529,7199.725980758667
1724288933.062,240420.0,1.98,7263.646717309952,7199.84815621376
1724296143.973,240421.0,1.92,7210.306609630585,7200.196250915527
1724305054.747,240422.0,2.23,8910.394340515137,7200.205308198929
1724312266.99,240423.0,2.35,7211.616858005524,7200.140984535217
1724319530.749,240424.0,1.91,7263.099353790283,7199.49883556366
1724326741.766,240425.0,1.81,7210.35683465004,7200.02312874794
1724333952.659,240426.0,1.95,7210.287291049957,7199.332762479782
1724341163.961,240427.0,3.15,7210.75364279747,7200.417510509491
1724348428.777,240428.0,2.36,7264.4069085121155,7200.268080711365
1724355639.707,240429.0,1.9,7210.336141109467,7200.042956352234
1724362851.05,240430.0,2.61,7210.883152008057,7200.46487736702
1724370061.817,240431.0,3.61,7210.197712421417,7200.030269384384
1724377336.731,240432.0,2.0,7274.150461912155,7199.666749000549
1724384547.639,240433.0,1.87,7210.513936281204,7199.441476583481
1724391759.067,240434.0,1.75,7210.933330774307,7200.197043180466
1724400672.099,240435.0,1.85,8912.415588378906,7199.938812971115
1724407935.774,240436.0,1.63,7263.141028881073,7200.651930809021
1724415146.671,240437.0,1.89,7210.22983622551,7200.3526175022125
1724422358.074,240438.0,2.08,7210.966774702072,7200.964186429977
1724429568.678,240439.0,2.75,7209.982477426529,7200.2774069309235
1724436833.765,240440.0,2.43,7264.603045940399,7199.858904600143
1724444044.836,240441.0,2.24,7210.342728853226,7200.402820587158
1724451256.029,240442.0,2.01,7210.628839731216,7200.090641498566
1724458467.789,240443.0,2.0,7210.926355838776,7200.678418874741
1724465733.821,240444.0,1.99,7265.341563463211,7200.742346763611
1724472945.056,240445.0,1.73,7210.667154550552,7200.779482603073
1724480155.893,240446.0,1.68,7210.275402545929,7199.937215805054
1724487366.715,240447.0,2.18,7210.369789361954,7200.185978889465
1724496331.002,240448.0,1.95,8963.513277769089,7200.777831315994
1724503542.8,240449.0,1.9,7211.00235414505,7199.982017993927
1724510753.836,240450.0,2.03,7210.412343263626,7200.610885858536
1724517964.894,240451.0,2.7,7210.416182518005,7200.297336101532
1724525231.667,240452.0,1.88,7266.272929191589,7200.223088979721
1724532443.1,240453.0,2.02,7210.830795288086,7200.831533670425
1724539653.659,240454.0,2.18,7210.025233745575,7199.903408765793
1724546864.873,240455.0,1.94,7210.717029094696,7200.66477894783
1724554130.711,240456.0,1.94,7265.176046848297,7200.143845081329
1724561341.998,240457.0,1.74,7210.858673095703,7199.885078668594
1724568552.637,240458.0,1.88,7210.300424337387,7200.183794975281
1724575763.901,240459.0,1.86,7210.749086856842,7201.040470600128
1724583025.011,240460.0,1.97,7260.6927754879,7200.216871738434
1724591933.974,240461.0,1.74,8908.642500400543,7200.78102016449
1724599144.967,240462.0,2.18,7210.614213466644,7200.988789319992
1724606355.818,240463.0,1.87,7210.445253133774,7200.4314057827
1724613618.648,240464.0,2.02,7262.32485294342,7200.1640565395355
1724620830.015,240465.0,1.86,7210.874194860458,7199.45610332489
1724628041.016,240466.0,2.25,7210.328395843506,7200.477264642715
1724635251.94,240467.0,1.75,7210.211020231247,7199.635987281799
1724642514.998,240468.0,2.47,7262.646099567413,7200.090614318848
1724649726.778,240469.0,1.62,7210.496357917786,7200.097526550293
1724656938.074,240470.0,2.04,7210.620383739471,7200.292426109314
1724664148.961,240471.0,1.64,7210.26945567131,7200.254794120789
1724671415.818,240472.0,2.27,7266.434315919876,7199.970523357391
1724678626.924,240473.0,2.68,7210.445574045181,7200.538074970245
1724687538.768,240474.0,3.36,8910.963908433914,7200.2660756111145
1724694749.93,240475.0,2.66,7210.55282664299,7200.016838788986
1724702010.843,240476.0,1.7,7260.4793429374695,7200.425537347794
1724709221.734,240477.0,1.88,7210.273900270462,7200.358931303024
1724716432.924,240478.0,2.02,7210.428551912308,7199.967019557953
1724723644.078,240479.0,1.87,7210.642655849457,7200.762992143631
1724730909.064,240480.0,1.8,7264.378947257996,7200.094520330429
1724738119.763,240481.0,1.72,7210.119361162186,7200.092489004135
1724745330.781,240482.0,1.67,7210.380077838898,7200.319189310074
1724752541.654,240483.0,1.92,7210.2956120967865,7200.010486602783
1724759805.799,240484.0,1.94,7263.648273229599,7199.683130979538
1724767016.748,240485.0,1.9,7210.291995048523,7199.974531412125
1724774228.103,240486.0,1.93,7210.62362575531,7200.619503259659
1724783140.654,240487.0,1.8,8911.96025133133,7199.07793879509
1724790408.76,240488.0,2.02,7267.544312000275,7200.020068883896
1724797619.644,240489.0,2.06,7210.193468809128,7200.291394710541
1724804831.042,240490.0,2.06,7210.848796606064,7199.875821113586
1724812041.962,240491.0,1.74,7210.317249298096,7200.483870506287
1724819303.985,240492.0,1.65,7261.634039640427,7200.421866893768
1724826515.083,240493.0,1.87,7210.731001138687,7200.281961917877
1724833725.652,240494.0,1.65,7210.058879375458,7198.855903625488
1724840937.058,240495.0,1.7,7210.780058145523,7200.7228326797485
1724848203.04,240496.0,1.75,7265.432279348373,7199.793756484985
1724855413.779,240497.0,1.95,7210.101215839386,7199.040542125702
1724862624.738,240498.0,1.9,7210.380788087845,7199.453989028931
1724869835.91,240499.0,1.61,7210.813411951065,7200.180052518845
1724878794.635,240500.0,2.08,8958.267354726791,7200.435189962387
1724886005.72,240501.0,2.31,7210.509761810303,7200.538022279739
1724893216.832,240502.0,2.05,7210.409510850906,7200.445813179016
1724900428.001,240503.0,2.09,7210.567811965942,7199.92613697052
1724907695.757,240504.0,1.64,7267.1488518714905,7200.000138759613
1724914907.01,240505.0,1.7,7210.590635538101,7200.517317771912
1724922117.79,240506.0,1.66,7210.09963965416,7200.060523033142
1724929328.929,240507.0,1.63,7210.582098007202,7199.584547519684
1724936592.825,240508.0,1.91,7263.506618738174,7198.979014635086
1724943803.718,240509.0,1.77,7210.3408262729645,7199.935373544693
1724951014.818,240510.0,1.89,7210.722710847855,7199.862463712692
1724958225.692,240511.0,2.1,7210.310614824295,7199.966917037964
1724965489.692,240512.0,1.83,7263.560985565186,7200.135689496994
1724974398.125,240513.0,2.15,8907.90139245987,7200.625321388245
1724981609.056,240514.0,1.99,7210.345212697983,7200.241565465927
1724988820.736,240515.0,1.97,7211.051961421967,7200.257123708725
1724996082.639,240516.0,1.96,7261.542717695236,7200.108045101166
1725003294.073,240517.0,2.06,7210.899483203888,7200.279370307922
1725010505.018,240518.0,1.99,7210.329837322235,7200.116072177887
1725017715.944,240519.0,2.01,7210.38610959053,7200.245800971985
1725024982.684,240520.0,2.33,7266.19779253006,7199.724077701569
1725032193.672,240521.0,2.28,7210.428010463715,7200.647923946381
1725039405.058,240522.0,2.54,7210.890335321426,7200.774723529816
1725046615.857,240523.0,1.86,7210.2152581214905,7199.799192905426
1725053879.97,240524.0,2.06,7263.554973602295,7200.267159938812
1725061097.708,240525.0,1.94,7216.949185848236,7200.195537805557
1725070006.68,240526.0,1.84,8908.49926996231,7200.102030038834
1725077217.969,240527.0,2.58,7210.864484786987,7200.582544565201
1725084483.668,240528.0,2.91,7265.228949308395,7200.036117076874
1725091694.679,240529.0,1.86,7210.439621686935,7199.95556640625
1725098905.907,240530.0,1.75,7210.759062767029,7200.206618309021
1725106116.68,240531.0,2.07,7210.241047382355,7200.202659606934
1725113383.78,240532.0,2.79,7266.634853839874,353.92674469947815
1725270725.027,240533.0,2.4,7210.152817726135,7200.046772956848
1725277935.677,240534.0,2.03,7210.013859272003,7200.217044353485
1725285146.884,240535.0,2.4,7210.7216963768005,7200.816011667252
1725292416.735,240536.0,2.53,7269.079555273056,7199.848621368408
1725299627.845,240537.0,1.83,7210.692356109619,7200.6541295051575
1725306838.698,240538.0,1.96,7210.375369548798,7199.805372238159
1725315758.783,240539.0,2.03,8919.647511720657,7200.910254478455
1725323020.633,240540.0,2.03,7261.243342638016,7199.679843187332
1725330232.056,240541.0,2.26,7210.962889671326,7200.520603656769
1725337442.745,240542.0,1.91,7210.162770986557,7199.726481676102
1725344653.821,240543.0,1.91,7210.73841381073,7198.198860645294
1725351918.796,240544.0,1.68,7264.443874835968,7200.190015554428
1725359130.095,240545.0,1.98,7210.693269252777,7200.3774218559265
1725366340.708,240546.0,1.66,7210.120499134064,7199.300825595856
1725373551.899,240547.0,1.86,7210.73694896698,7200.093900203705
1725380817.679,240548.0,1.87,7265.296630620956,7199.848992347717
1725388028.717,240549.0,1.68,7210.635174751282,7199.9619126319885
1725395239.962,240550.0,1.99,7210.79730963707,7200.451320648193
1725402457.845,240551.0,1.93,7217.245104074478,4228.434427976608
1725450716.096,240552.0,2.32,8968.55557847023,7200.657988786697
1725457927.057,240553.0,2.38,7210.340767621994,7200.16592001915
1725465137.889,240554.0,1.91,7210.255271434784,7200.2208206653595
1725472349.114,240555.0,1.94,7210.702724456787,7200.830689907074
1725479613.743,240556.0,1.93,7264.01366019249,7200.443636894226
1725486824.681,240557.0,2.08,7210.525030612946,7199.403724908829
1725494035.9,240558.0,2.09,7210.751475811005,7200.341602087021
1725501246.85,240559.0,1.68,7210.469409704208,7200.444000005722
1725508513.011,240560.0,1.87,7265.676720380783,7200.542727947235
1725515723.976,240561.0,1.7,7210.33780169487,7199.980933189392
1725522934.905,240562.0,1.73,7210.5605273246765,7200.695238828659
1725530145.918,240563.0,1.73,7210.460681438446,7200.784248828888
1725537410.889,240564.0,1.78,7264.429811239243,7200.121757030487
1725546334.106,240565.0,2.08,8922.67599439621,7200.39796257019
1725553544.993,240566.0,1.93,7210.362944841385,7199.933373451233
1725560755.645,240567.0,1.84,7210.297441482544,7199.70744395256
1725568021.936,240568.0,2.02,7265.732134342194,7200.868182182312
1725575233.095,240569.0,2.08,7210.70382809639,7200.133755207062
1725582443.666,240570.0,2.13,7209.952746152878,7199.879588365555
1725589654.833,240571.0,1.71,7210.706700801849,7199.6460750103
1725596918.982,240572.0,1.8,7263.551620721817,7199.991621732712
1725604129.95,240573.0,1.76,7210.596192598343,7200.7511286735535
1725611341.016,240574.0,1.83,7210.677950382233,7200.351095914841
1725618552.117,240575.0,1.97,7210.518609285355,7200.738326072693
1725625779.071,240576.0,1.91,7226.479882478714,7200.606159925461
1725632989.863,240577.0,2.21,7210.234432935715,7199.8350331783295
1725641912.107,240578.0,3.71,8921.71976184845,7200.909454107285
1725649122.851,240579.0,3.74,7210.260734319687,7200.200989961624
1725656389.751,240580.0,3.62,7266.3527665138245,7200.326726913452
1725663600.746,240581.0,4.59,7210.332343578339,7200.424612283707
1725670813.06,240582.0,3.43,7211.404024362564,7200.355242967606
1725678024.139,240583.0,2.96,7210.420004606247,7200.682456970215
1725685250.897,240584.0,3.01,7226.213708400726,7200.258401155472
1725692461.961,240585.0,2.63,7210.380215167999,7200.012277603149
1725699672.731,240586.0,1.72,7210.295917272568,7199.765679597855
1725706884.031,240587.0,2.03,7210.926869630814,7200.731262207031
1725714146.98,240588.0,1.99,7262.253658533096,7200.009916782379
1725721357.68,240589.0,2.32,7210.025511264801,7199.980044126511
1725728568.706,240590.0,2.73,7210.577652692795,7200.197376489639
1725737483.979,240591.0,2.22,8914.80471944809,7200.242322683334
1725744751.83,240592.0,2.53,7267.149788618088,7200.278627872467
1725751962.698,240593.0,2.89,7210.262531757355,7200.2287220954895
1725759174.12,240594.0,2.76,7210.96813082695,7201.084663629532
1725766384.912,240595.0,2.08,7210.194424390793,7199.662353992462
1725773609.038,240596.0,2.07,7223.629527568817,7200.73602104187
1725780820.126,240597.0,2.26,7210.237578868866,7200.066657543182
1725788030.826,240598.0,1.79,7210.247307062149,7200.240881443024
1725795242.129,240599.0,1.83,7210.683812856674,7200.227699279785
1725802507.982,240600.0,2.46,7265.170414686203,7200.860366106033
1725809718.726,240601.0,2.23,7210.3447387218475,7199.982259750366
1725816930.138,240602.0,1.84,7210.589869022369,7199.500254869461
1725824140.888,240603.0,1.69,7210.162343263626,7199.885013341904
1725833104.968,240604.0,2.17,8963.637509822845,7200.197528839111
1725840315.774,240605.0,2.36,7210.296000480652,7200.122363567352
1725847527.122,240606.0,1.85,7210.758953094482,7200.913925647736
1725854743.988,240607.0,1.72,7216.368790149689,6612.646305561066
1725882053.8,240608.0,1.68,7261.936430931091,7200.756717205048
1725889264.954,240609.0,2.11,7210.4689383506775,7200.609375476837
1725896475.67,240610.0,2.13,7210.302138805389,7199.924969673157
1725903686.674,240611.0,1.75,7210.484902143478,7199.875294685364
1725910952.856,240612.0,1.81,7265.708692789078,7200.206915378571
1725918163.824,240613.0,2.42,7210.42728972435,7200.269286870956
1725925374.795,240614.0,2.38,7210.477123498917,7199.628957271576
1725932585.918,240615.0,1.78,7210.530860424042,7200.289491653442
1725939850.674,240616.0,1.73,7263.951001882553,7200.114011049271
1725948795.021,240617.0,1.61,8943.9007229805,7199.663389921188
1725956006.024,240618.0,1.84,7210.3875432014465,7198.778056144714
1725963217.095,240619.0,1.9,7210.340208530426,7200.36025428772
1725970439.698,240620.0,1.94,7222.054322004318,7199.625019073486
1725977651.048,240621.0,2.0,7210.853353738785,7200.003382205963
1725984861.932,240622.0,1.91,7210.286704778671,7200.3340928554535
1725992072.723,240623.0,2.0,7210.37912106514,7200.395507335663
1725999295.773,240624.0,1.86,7222.671024799347,7199.769666194916
1726006507.066,240625.0,2.36,7210.706569433212,7200.014133930206
1726013717.952,240626.0,2.14,7210.342342615128,7198.161529779434
1726020929.039,240627.0,1.95,7210.63650560379,7199.912597894669
1726028153.825,240628.0,1.66,7224.216595411301,7199.862620592117
1726035364.878,240629.0,1.78,7210.503066062927,7200.573241233826
1726044297.125,240630.0,2.33,8931.673729658127,7200.60783290863
1726051508.985,240631.0,1.67,7211.317660808563,7201.244735240936
1726058774.935,240632.0,1.92,7265.566480636597,7200.80451464653
1726065985.645,240633.0,2.22,7210.24352645874,7199.921724557877
1726073197.053,240634.0,1.94,7210.925283193588,7200.269517421722
1726080407.908,240635.0,2.53,7210.173220396042,7200.319304227829
1726087631.057,240636.0,2.07,7222.725359916687,7200.920686244965
1726094847.221,240637.0,2.39,7215.449626684189,7200.504717588425
1726102058.125,240638.0,2.06,7210.546158790588,7200.273895025253
1726109269.991,240639.0,1.71,7211.3576555252075,7199.915044546127
1726116532.729,240640.0,1.76,7262.387316703796,7200.237724781036
1726123743.776,240641.0,2.16,7210.612833738327,7200.14093875885
1726130954.659,240642.0,1.87,7210.223356485367,7199.880656242371
1726139896.882,240643.0,1.83,8941.730129241943,7200.550209283829
1726147163.923,240644.0,1.91,7266.504240036011,7200.0506756305695
1726154374.635,240645.0,1.93,7210.242490053177,7199.807902812958
1726161585.962,240646.0,2.24,7210.891753196716,7200.512781381607
1726168796.689,240647.0,1.95,7210.311310529709,7200.124112844467
1726176063.767,240648.0,2.02,7266.701630115509,7200.132405042648
1726183275.004,240649.0,2.38,7210.583062171936,7200.219589233398
1726190486.636,240650.0,1.94,7210.799256324768,7200.720823526382
1726197698.107,240651.0,1.61,7210.959359169006,7200.870792865753
1726204920.969,240652.0,2.0,7222.346386432648,7199.355560064316
1726212131.694,240653.0,1.83,7209.887592077255,7200.240040063858
1726219342.686,240654.0,1.77,7210.513627290726,7200.7978756427765
1726226553.872,240655.0,1.83,7210.766026496887,7200.663133859634
1726235510.677,240656.0,2.6,8956.268741130829,7199.782416343689
1726242722.052,240657.0,2.73,7210.9631242752075,7199.846869945526
1726249933.85,240658.0,2.32,7211.229899644852,7200.361724615097
1726257144.676,240659.0,2.77,7210.242608547211,7198.484275341034
1726264412.799,240660.0,2.85,7267.4986209869385,7200.512081623077
1726271623.704,240661.0,3.04,7210.221954107285,7199.977769851685
1726278834.779,240662.0,3.04,7210.656939506531,7199.938815116882
1726286046.096,240663.0,1.91,7210.612473964691,7199.929185628891
1726293268.815,240664.0,6.19,7222.185792207718,7200.375798940659
1726300479.73,240665.0,6.98,7210.368322849274,7199.887686491013
1726307690.696,240666.0,1.85,7210.294417619705,7197.095135450363
1726314901.881,240667.0,2.56,7210.80720615387,7200.8995542526245
1726322166.04,240668.0,2.42,7263.6017599105835,7200.062497615814
1726331102.958,240669.0,4.79,8936.338257789612,7199.834183454514
1726338313.683,240670.0,2.19,7209.945050477982,7200.202095508575
1726345524.949,240671.0,2.23,7210.804348945618,7200.059574127197
1726352790.994,240672.0,2.52,7265.649023294449,7200.138424158096
1726360002.681,240673.0,2.4,7211.011172771454,7200.654325246811
1726367214.055,240674.0,2.44,7210.923227787018,7200.768629550934
1726374426.063,240675.0,1.83,7211.302044630051,7200.405300378799
1726381691.634,240676.0,1.87,7264.863226413727,7200.25168967247
1726388903.1,240677.0,2.22,7210.958701610565,7200.484702587128
1726396114.956,240678.0,4.67,7211.194226980209,7200.810660123825
1726403326.262,240679.0,2.49,7210.8717613220215,7200.875281572342
1726410595.03,240680.0,2.36,7267.96347784996,7200.093168973923
1726417806.78,240681.0,2.94,7211.1135087013245,7200.934775352478
1726426750.966,240682.0,2.77,8943.446090459824,7200.249107837677
1726433962.05,240683.0,2.27,7210.38866853714,7199.436511516571
1726441225.117,240684.0,2.37,7262.5315017700195,7200.836087465286
1726448437.126,240685.0,2.16,7211.478722810745,7199.637620925903
1726455647.647,240686.0,1.83,7209.791430711746,7199.308352231979
1726462859.009,240687.0,1.93,7210.734824419022,7200.108934164047
1726470124.115,240688.0,1.97,7264.440311670303,7200.836727142334
1726477334.865,240689.0,1.8,7210.210347652435,7200.193499326706
1726484545.638,240690.0,1.79,7210.217863559723,7199.9489533901215
1726491756.635,240691.0,2.05,7210.504831314087,7199.983296871185
1726499020.835,240692.0,2.22,7263.707169532776,7200.750337839127
1726506231.928,240693.0,2.04,7210.465609788895,7200.168330907822
1726513443.091,240694.0,2.48,7210.668954849243,7199.58421087265
1726522383.972,240695.0,3.11,8940.397209405899,7200.168804883957
1726529647.04,240696.0,2.88,7262.683262586594,7200.65976190567
1726536857.828,240697.0,2.07,7210.209622144699,7199.943043470383
1726544068.832,240698.0,2.3,7210.476895809174,7199.720285415649
1726551279.903,240699.0,1.89,7210.494248867035,7200.357981204987
1726558544.086,240700.0,1.94,7263.702437877655,7197.347369670868
1726565755.968,240701.0,1.73,7210.860432386398,7200.485805511475
1726572968.114,240702.0,1.85,7211.434554576874,7200.279990434647
1726580179.746,240703.0,1.93,7210.831635713577,7200.217404842377
1726587442.921,240704.0,2.14,7262.441274166107,7200.067856788635
1726594653.842,240705.0,2.78,7210.463166475296,7199.9621777534485
1726601872.983,240706.0,3.26,7218.588161945343,7200.140624523163
1726609083.764,240707.0,2.77,7210.3107833862305,7200.27530837059
1726618083.035,240708.0,2.4,8998.618996143341,7200.378164768219
1726625295.078,240709.0,1.81,7211.437107801437,7201.268997430801
1726632506.105,240710.0,1.75,7210.435818910599,7200.561056852341
1726639718.131,240711.0,1.83,7211.3935005664825,7200.306828260422
1726646982.067,240712.0,2.18,7263.443946838379,7200.167824745178
1726654192.744,240713.0,2.37,7210.128845691681,7200.324297904968
1726661404.024,240714.0,2.7,7210.9417333602905,7200.283947467804
1726668615.875,240715.0,2.45,7211.155019760132,7200.984552145004
1726675878.01,240716.0,2.32,7261.572452545166,7200.209992170334
1726683088.647,240717.0,2.05,7210.332308292389,7199.636935949326
1726690314.466,240718.0,10.96,7224.998231649399,7200.922281742096
1726697531.647,240719.0,14.44,7216.450227022171,5.9557414054870605
1726747173.849,240720.0,1.86,7261.351176261902,7200.188677310944
1726756107.838,240721.0,2.31,8933.472350597382,7199.626490116119
1726763318.908,240722.0,2.13,7210.493318796158,7199.3257603645325
1726770530.097,240723.0,2.29,7210.667164802551,7200.7593722343445
1726777794.938,240724.0,3.05,7264.356867551804,7200.4889969825745
1726785006.129,240725.0,3.85,7210.604927539825,7200.3120238780975
1726792217.965,240726.0,3.24,7211.159336805344,7201.14000082016
1726799428.863,240727.0,2.27,7210.477217197418,7199.769449710846
1726806697.085,240728.0,1.88,7267.555336236954,7200.4583575725555
1726813909.121,240729.0,2.1,7211.459938049316,7201.083861351013
1726821119.823,240730.0,1.97,7210.238744497299,7200.275383234024
1726828330.703,240731.0,3.76,7210.345652580261,7199.869441509247
1726835591.816,240732.0,2.15,7260.675847291946,7200.6683094501495
1726842802.905,240733.0,2.56,7210.539989471436,7200.266210794449
1726851742.808,240734.0,2.87,8939.442939519882,7200.065960407257
1726858953.781,240735.0,2.45,7210.400729894638,7199.448370695114
1726866218.739,240736.0,2.73,7264.265564918518,7200.62788105011
1726873429.662,240737.0,2.91,7210.24600982666,7200.210591554642
1726880640.86,240738.0,2.38,7210.783535003662,7200.035630941391
1726887851.983,240739.0,2.08,7210.496708393097,7200.102621555328
1726895121.133,240740.0,2.12,7268.511288881302,7199.976295948029
1726902332.703,240741.0,2.36,7210.927822351456,7200.319716215134
1726909544.127,240742.0,2.48,7210.975987434387,7201.021902322769
1726916755.027,240743.0,2.09,7210.375442028046,7200.333126544952
1726924018.018,240744.0,2.37,7262.43269276619,7200.177517414093
1726931229.94,240745.0,2.96,7211.313466787338,7200.685850381851
1726938440.808,240746.0,2.66,7210.404896736145,7200.071544885635
1726947390.88,240747.0,2.24,8949.445947885513,7201.021878004074
1726954656.118,240748.0,3.37,7264.67151594162,7200.526524066925
1726961867.655,240749.0,5.24,7210.805265903473,7200.557289361954
1726969078.76,240750.0,2.13,7210.533352136612,7200.060081005096
1726976290.091,240751.0,1.78,7210.655727148056,7200.63095164299
1726983557.875,240752.0,1.67,7267.241943120956,7198.10925412178
1726990768.693,240753.0,2.07,7210.191185474396,7200.289541244507
1726997979.739,240754.0,1.98,7210.579431056976,7200.271445989609
1727005190.661,240755.0,1.7,7210.284311532974,7199.849966287613
1727012462.389,240756.0,5.31,7271.281066894531,7198.323866844177
1727019674.008,240757.0,3.52,7210.778267860413,7200.469924449921
1727026885.721,240758.0,2.05,7211.091603279114,7200.714411973953
1727034097.03,240759.0,2.03,7210.948909044266,7200.1682941913605
1727043097.888,240760.0,3.56,9000.217946767807,7200.7988913059235
1727050309.742,240761.0,2.44,7211.330413579941,7201.058274269104
1727057520.894,240762.0,1.95,7210.4895787239075,7200.006688117981
1727064731.753,240763.0,1.69,7210.3812074661255,7200.359107494354
1727071994.843,240764.0,1.89,7262.75568318367,7200.756941318512
1727079205.707,240765.0,1.72,7210.353471279144,7199.917802333832
1727086416.851,240766.0,1.7,7210.772972822189,7199.922942399979
1727093628.057,240767.0,1.72,7210.608602762222,7200.206990480423
1727100891.927,240768.0,1.82,7263.313106298447,7200.01823592186
1727108103.102,240769.0,2.08,7210.702750444412,7200.440646886826
1727115313.895,240770.0,1.7,7210.329420089722,7199.3775453567505
1727122524.769,240771.0,1.84,7210.241943359375,7200.25125670433
1727129791.094,240772.0,2.57,7265.628031253815,7200.557348251343
1727138733.716,240773.0,2.46,8942.111370801926,7200.005307435989
1727145944.678,240774.0,2.84,7210.559677124023,7200.5192630290985
1727153155.806,240775.0,1.76,7210.643943071365,7199.671240091324
1727160418.689,240776.0,2.21,7262.300922393799,7199.940478801727
1727167629.915,240777.0,1.8,7210.791204929352,7200.380917787552
1727174840.776,240778.0,1.7,7210.159851312637,7199.878251791
1727182052.02,240779.0,1.88,7210.662349700928,7200.357640504837
1727189312.82,240780.0,1.93,7260.21497964859,7199.335235834122
1727196523.927,240781.0,2.64,7210.555847644806,7199.782466888428
1727203734.674,240782.0,-999.0,7210.157850027084,0.0
1727210946.031,240783.0,3.87,7210.904165506363,7200.841035604477
1727218207.065,240784.0,2.44,7260.416577100754,7200.410836219788
1727225417.751,240785.0,1.96,7210.10604763031,7199.363343954086
1727234361.057,240786.0,1.62,8942.66212272644,7201.090927839279
1727241571.907,240787.0,1.56,7210.273281335831,7199.648877859116
1727247921.438,240788.0,1.63,6349.073384046555,6286.289184093475
